userId;title;completed
1;delectus aut autem;False
1;quis ut nam facilis et officia qui;False
1;fugiat veniam minus;False
1;et porro tempora;True
1;laboriosam mollitia et enim quasi adipisci quia provident illum;False
1;qui ullam ratione quibusdam voluptatem quia omnis;False
1;illo expedita consequatur quia in;False
1;quo adipisci enim quam ut ab;True
1;molestiae perspiciatis ipsa;False
1;illo est ratione doloremque quia maiores aut;True
1;vero rerum temporibus dolor;True
1;ipsa repellendus fugit nisi;True
1;et doloremque nulla;False
1;repellendus sunt dolores architecto voluptatum;True
1;ab voluptatum amet voluptas;True
1;accusamus eos facilis sint et aut voluptatem;True
1;quo laboriosam deleniti aut qui;True
1;dolorum est consequatur ea mollitia in culpa;False
1;molestiae ipsa aut voluptatibus pariatur dolor nihil;True
1;ullam nobis libero sapiente ad optio sint;True
2;suscipit repellat esse quibusdam voluptatem incidunt;False
2;distinctio vitae autem nihil ut molestias quo;True
2;et itaque necessitatibus maxime molestiae qui quas velit;False
2;adipisci non ad dicta qui amet quaerat doloribus ea;False
2;voluptas quo tenetur perspiciatis explicabo natus;True
2;aliquam aut quasi;True
2;veritatis pariatur delectus;True
2;nesciunt totam sit blanditiis sit;False
2;laborum aut in quam;False
2;nemo perspiciatis repellat ut dolor libero commodi blanditiis omnis;True
2;repudiandae totam in est sint facere fuga;False
2;earum doloribus ea doloremque quis;False
2;sint sit aut vero;False
2;porro aut necessitatibus eaque distinctio;False
2;repellendus veritatis molestias dicta incidunt;True
2;excepturi deleniti adipisci voluptatem et neque optio illum ad;True
2;sunt cum tempora;False
2;totam quia non;False
2;doloremque quibusdam asperiores libero corrupti illum qui omnis;False
2;totam atque quo nesciunt;True
3;aliquid amet impedit consequatur aspernatur placeat eaque fugiat suscipit;False
3;rerum perferendis error quia ut eveniet;False
3;tempore ut sint quis recusandae;True
3;cum debitis quis accusamus doloremque ipsa natus sapiente omnis;True
3;velit soluta adipisci molestias reiciendis harum;False
3;vel voluptatem repellat nihil placeat corporis;False
3;nam qui rerum fugiat accusamus;False
3;sit reprehenderit omnis quia;False
3;ut necessitatibus aut maiores debitis officia blanditiis velit et;False
3;cupiditate necessitatibus ullam aut quis dolor voluptate;True
3;distinctio exercitationem ab doloribus;False
3;nesciunt dolorum quis recusandae ad pariatur ratione;False
3;qui labore est occaecati recusandae aliquid quam;False
3;quis et est ut voluptate quam dolor;True
3;voluptatum omnis minima qui occaecati provident nulla voluptatem ratione;True
3;deleniti ea temporibus enim;True
3;pariatur et magnam ea doloribus similique voluptatem rerum quia;False
3;est dicta totam qui explicabo doloribus qui dignissimos;False
3;perspiciatis velit id laborum placeat iusto et aliquam odio;False
3;et sequi qui architecto ut adipisci;True
4;odit optio omnis qui sunt;True
4;et placeat et tempore aspernatur sint numquam;False
4;doloremque aut dolores quidem fuga qui nulla;True
4;voluptas consequatur qui ut quia magnam nemo esse;False
4;fugiat pariatur ratione ut asperiores necessitatibus magni;False
4;rerum eum molestias autem voluptatum sit optio;False
4;quia voluptatibus voluptatem quos similique maiores repellat;False
4;aut id perspiciatis voluptatem iusto;False
4;doloribus sint dolorum ab adipisci itaque dignissimos aliquam suscipit;False
4;ut sequi accusantium et mollitia delectus sunt;False
4;aut velit saepe ullam;False
4;praesentium facilis facere quis harum voluptatibus voluptatem eum;False
4;sint amet quia totam corporis qui exercitationem commodi;True
4;expedita tempore nobis eveniet laborum maiores;False
4;occaecati adipisci est possimus totam;False
4;sequi dolorem sed;True
4;maiores aut nesciunt delectus exercitationem vel assumenda eligendi at;False
4;reiciendis est magnam amet nemo iste recusandae impedit quaerat;False
4;eum ipsa maxime ut;True
4;tempore molestias dolores rerum sequi voluptates ipsum consequatur;True
5;suscipit qui totam;True
5;voluptates eum voluptas et dicta;False
5;quidem at rerum quis ex aut sit quam;True
5;sunt veritatis ut voluptate;False
5;et quia ad iste a;True
5;incidunt ut saepe autem;True
5;laudantium quae eligendi consequatur quia et vero autem;True
5;vitae aut excepturi laboriosam sint aliquam et et accusantium;False
5;sequi ut omnis et;True
5;molestiae nisi accusantium tenetur dolorem et;True
5;nulla quis consequatur saepe qui id expedita;True
5;in omnis laboriosam;True
5;odio iure consequatur molestiae quibusdam necessitatibus quia sint;True
5;facilis modi saepe mollitia;False
5;vel nihil et molestiae iusto assumenda nemo quo ut;True
5;nobis suscipit ducimus enim asperiores voluptas;False
5;dolorum laboriosam eos qui iure aliquam;False
5;debitis accusantium ut quo facilis nihil quis sapiente necessitatibus;True
5;neque voluptates ratione;False
5;excepturi a et neque qui expedita vel voluptate;False
6;explicabo enim cumque porro aperiam occaecati minima;False
6;sed ab consequatur;False
6;non sunt delectus illo nulla tenetur enim omnis;False
6;excepturi non laudantium quo;False
6;totam quia dolorem et illum repellat voluptas optio;True
6;ad illo quis voluptatem temporibus;True
6;praesentium facilis omnis laudantium fugit ad iusto nihil nesciunt;False
6;a eos eaque nihil et exercitationem incidunt delectus;True
6;autem temporibus harum quisquam in culpa;True
6;aut aut ea corporis;True
6;magni accusantium labore et id quis provident;False
6;consectetur impedit quisquam qui deserunt non rerum consequuntur eius;False
6;quia atque aliquam sunt impedit voluptatum rerum assumenda nisi;False
6;cupiditate quos possimus corporis quisquam exercitationem beatae;False
6;sed et ea eum;False
6;ipsa dolores vel facilis ut;True
6;sequi quae est et qui qui eveniet asperiores;False
6;quia modi consequatur vero fugiat;False
6;corporis ducimus ea perspiciatis iste;False
6;dolorem laboriosam vel voluptas et aliquam quasi;False
7;inventore aut nihil minima laudantium hic qui omnis;True
7;provident aut nobis culpa;True
7;esse et quis iste est earum aut impedit;False
7;qui consectetur id;False
7;aut quasi autem iste tempore illum possimus;False
7;ut asperiores perspiciatis veniam ipsum rerum saepe;True
7;voluptatem libero consectetur rerum ut;True
7;eius omnis est qui voluptatem autem;False
7;rerum culpa quis harum;False
7;nulla aliquid eveniet harum laborum libero alias ut unde;True
7;qui ea incidunt quis;False
7;qui molestiae voluptatibus velit iure harum quisquam;True
7;et labore eos enim rerum consequatur sunt;True
7;molestiae doloribus et laborum quod ea;False
7;facere ipsa nam eum voluptates reiciendis vero qui;False
7;asperiores illo tempora fuga sed ut quasi adipisci;False
7;qui sit non;False
7;placeat minima consequatur rem qui ut;True
7;consequatur doloribus id possimus voluptas a voluptatem;False
7;aut consectetur in blanditiis deserunt quia sed laboriosam;True
8;explicabo consectetur debitis voluptates quas quae culpa rerum non;True
8;maiores accusantium architecto necessitatibus reiciendis ea aut;True
8;eum non recusandae cupiditate animi;False
8;ut eum exercitationem sint;False
8;beatae qui ullam incidunt voluptatem non nisi aliquam;False
8;molestiae suscipit ratione nihil odio libero impedit vero totam;True
8;eum itaque quod reprehenderit et facilis dolor autem ut;True
8;esse quas et quo quasi exercitationem;False
8;animi voluptas quod perferendis est;False
8;eos amet tempore laudantium fugit a;False
8;accusamus adipisci dicta qui quo ea explicabo sed vero;True
8;odit eligendi recusandae doloremque cumque non;False
8;ea aperiam consequatur qui repellat eos;False
8;rerum non ex sapiente;True
8;voluptatem nobis consequatur et assumenda magnam;True
8;nam quia quia nulla repellat assumenda quibusdam sit nobis;True
8;dolorem veniam quisquam deserunt repellendus;True
8;debitis vitae delectus et harum accusamus aut deleniti a;True
8;debitis adipisci quibusdam aliquam sed dolore ea praesentium nobis;True
8;et praesentium aliquam est;False
9;ex hic consequuntur earum omnis alias ut occaecati culpa;True
9;omnis laboriosam molestias animi sunt dolore;True
9;natus corrupti maxime laudantium et voluptatem laboriosam odit;False
9;reprehenderit quos aut aut consequatur est sed;False
9;fugiat perferendis sed aut quidem;False
9;quos quo possimus suscipit minima ut;False
9;et quis minus quo a asperiores molestiae;False
9;recusandae quia qui sunt libero;False
9;ea odio perferendis officiis;True
9;quisquam aliquam quia doloribus aut;False
9;fugiat aut voluptatibus corrupti deleniti velit iste odio;True
9;et provident amet rerum consectetur et voluptatum;False
9;harum ad aperiam quis;False
9;similique aut quo;False
9;laudantium eius officia perferendis provident perspiciatis asperiores;True
9;magni soluta corrupti ut maiores rem quidem;False
9;et placeat temporibus voluptas est tempora quos quibusdam;False
9;nesciunt itaque commodi tempore;True
9;omnis consequuntur cupiditate impedit itaque ipsam quo;True
9;debitis nisi et dolorem repellat et;True
10;ut cupiditate sequi aliquam fuga maiores;False
10;inventore saepe cumque et aut illum enim;True
10;omnis nulla eum aliquam distinctio;True
10;molestias modi perferendis perspiciatis;False
10;voluptates dignissimos sed doloribus animi quaerat aut;False
10;explicabo odio est et;False
10;consequuntur animi possimus;False
10;vel non beatae est;True
10;culpa eius et voluptatem et;True
10;accusamus sint iusto et voluptatem exercitationem;True
10;temporibus atque distinctio omnis eius impedit tempore molestias pariatur;True
10;ut quas possimus exercitationem sint voluptates;False
10;rerum debitis voluptatem qui eveniet tempora distinctio a;True
10;sed ut vero sit molestiae;False
10;rerum ex veniam mollitia voluptatibus pariatur;True
10;consequuntur aut ut fugit similique;True
10;dignissimos quo nobis earum saepe;True
10;quis eius est sint explicabo;True
10;numquam repellendus a magnam;True
10;ipsam aperiam voluptates qui;False
